Year,113 Cause Name,Cause Name,State,Deaths,Age-adjusted Death Rate
2017,Cerebrovascular diseases (I60-I69),Stroke,United States,146383,37.6
2017,Cerebrovascular diseases (I60-I69),Stroke,Alabama,2931,50.0
2017,Cerebrovascular diseases (I60-I69),Stroke,Alaska,190,35.1
2017,Cerebrovascular diseases (I60-I69),Stroke,Arizona,2681,30.8
2017,Cerebrovascular diseases (I60-I69),Stroke,Arkansas,1612,43.8
2017,Cerebrovascular diseases (I60-I69),Stroke,California,16355,37.6
2017,Cerebrovascular diseases (I60-I69),Stroke,Colorado,1988,35.8
2017,Cerebrovascular diseases (I60-I69),Stroke,Connecticut,1403,27.8
2017,Cerebrovascular diseases (I60-I69),Stroke,Delaware,571,46.2
2017,Cerebrovascular diseases (I60-I69),Stroke,District of Columbia,246,35.9
2017,Cerebrovascular diseases (I60-I69),Stroke,Florida,12602,38.9
2017,Cerebrovascular diseases (I60-I69),Stroke,Georgia,4399,43.5
2017,Cerebrovascular diseases (I60-I69),Stroke,Hawaii,764,37.5
2017,Cerebrovascular diseases (I60-I69),Stroke,Idaho,726,38.5
2017,Cerebrovascular diseases (I60-I69),Stroke,Illinois,6020,38.9
2017,Cerebrovascular diseases (I60-I69),Stroke,Indiana,3150,40.2
2017,Cerebrovascular diseases (I60-I69),Stroke,Iowa,1416,32.8
2017,Cerebrovascular diseases (I60-I69),Stroke,Kansas,1355,37.7
2017,Cerebrovascular diseases (I60-I69),Stroke,Kentucky,2050,39.4
2017,Cerebrovascular diseases (I60-I69),Stroke,Louisiana,2460,47.4
2017,Cerebrovascular diseases (I60-I69),Stroke,Maine,736,37.5
2017,Cerebrovascular diseases (I60-I69),Stroke,Maryland,2820,40.2
2017,Cerebrovascular diseases (I60-I69),Stroke,Massachusetts,2367,26.5
2017,Cerebrovascular diseases (I60-I69),Stroke,Michigan,5002,39.3
2017,Cerebrovascular diseases (I60-I69),Stroke,Minnesota,2250,32.6
2017,Cerebrovascular diseases (I60-I69),Stroke,Mississippi,1723,51.1
2017,Cerebrovascular diseases (I60-I69),Stroke,Missouri,3159,41.0
2017,Cerebrovascular diseases (I60-I69),Stroke,Montana,487,35.6
2017,Cerebrovascular diseases (I60-I69),Stroke,Nebraska,760,31.5
2017,Cerebrovascular diseases (I60-I69),Stroke,Nevada,1137,35.9
2017,Cerebrovascular diseases (I60-I69),Stroke,New Hampshire,514,28.9
2017,Cerebrovascular diseases (I60-I69),Stroke,New Jersey,3474,30.2
2017,Cerebrovascular diseases (I60-I69),Stroke,New Mexico,878,34.8
2017,Cerebrovascular diseases (I60-I69),Stroke,New York,6264,24.6
2017,Cerebrovascular diseases (I60-I69),Stroke,North Carolina,5098,43.0
2017,Cerebrovascular diseases (I60-I69),Stroke,North Dakota,337,35.4
2017,Cerebrovascular diseases (I60-I69),Stroke,Ohio,6425,42.8
2017,Cerebrovascular diseases (I60-I69),Stroke,Oklahoma,1947,43.3
2017,Cerebrovascular diseases (I60-I69),Stroke,Oregon,2066,39.9
2017,Cerebrovascular diseases (I60-I69),Stroke,Pennsylvania,6700,36.5
2017,Cerebrovascular diseases (I60-I69),Stroke,Rhode Island,425,29.4
2017,Cerebrovascular diseases (I60-I69),Stroke,South Carolina,2691,44.9
2017,Cerebrovascular diseases (I60-I69),Stroke,South Dakota,414,36.7
2017,Cerebrovascular diseases (I60-I69),Stroke,Tennessee,3519,45.0
2017,Cerebrovascular diseases (I60-I69),Stroke,Texas,10790,41.3
2017,Cerebrovascular diseases (I60-I69),Stroke,Utah,888,36.2
2017,Cerebrovascular diseases (I60-I69),Stroke,Vermont,249,28.9
2017,Cerebrovascular diseases (I60-I69),Stroke,Virginia,3555,37.5
2017,Cerebrovascular diseases (I60-I69),Stroke,Washington,3028,36.9
2017,Cerebrovascular diseases (I60-I69),Stroke,West Virginia,1058,41.8
2017,Cerebrovascular diseases (I60-I69),Stroke,Wisconsin,2513,33.5
2017,Cerebrovascular diseases (I60-I69),Stroke,Wyoming,190,28.4
2016,Cerebrovascular diseases (I60-I69),Stroke,Alabama,2967,51.6
2016,Cerebrovascular diseases (I60-I69),Stroke,Alaska,196,39.0
2016,Cerebrovascular diseases (I60-I69),Stroke,Arizona,2556,29.8
2016,Cerebrovascular diseases (I60-I69),Stroke,Arkansas,1643,45.6
2016,Cerebrovascular diseases (I60-I69),Stroke,California,15680,36.9
2016,Cerebrovascular diseases (I60-I69),Stroke,Colorado,1927,35.2
2016,Cerebrovascular diseases (I60-I69),Stroke,Connecticut,1269,26.3
2016,Cerebrovascular diseases (I60-I69),Stroke,Delaware,506,41.6
2016,Cerebrovascular diseases (I60-I69),Stroke,District of Columbia,252,38.4
2016,Cerebrovascular diseases (I60-I69),Stroke,Florida,11854,37.3
2016,Cerebrovascular diseases (I60-I69),Stroke,Georgia,4349,44.3
2016,Cerebrovascular diseases (I60-I69),Stroke,Hawaii,675,34.3
2016,Cerebrovascular diseases (I60-I69),Stroke,Idaho,682,37.2
2016,Cerebrovascular diseases (I60-I69),Stroke,Illinois,5658,37.8
2016,Cerebrovascular diseases (I60-I69),Stroke,Indiana,3040,39.5
2016,Cerebrovascular diseases (I60-I69),Stroke,Iowa,1388,32.3
2016,Cerebrovascular diseases (I60-I69),Stroke,Kansas,1363,38.6
2016,Cerebrovascular diseases (I60-I69),Stroke,Kentucky,2057,40.4
2016,Cerebrovascular diseases (I60-I69),Stroke,Louisiana,2322,46.0
2016,Cerebrovascular diseases (I60-I69),Stroke,Maine,663,34.4
2016,Cerebrovascular diseases (I60-I69),Stroke,Maryland,2709,39.7
2016,Cerebrovascular diseases (I60-I69),Stroke,Massachusetts,2468,27.9
2016,Cerebrovascular diseases (I60-I69),Stroke,Michigan,4874,39.0
2016,Cerebrovascular diseases (I60-I69),Stroke,Minnesota,2197,32.5
2016,Cerebrovascular diseases (I60-I69),Stroke,Mississippi,1705,50.6
2016,Cerebrovascular diseases (I60-I69),Stroke,Missouri,3069,40.4
2016,Cerebrovascular diseases (I60-I69),Stroke,Montana,440,32.5
2016,Cerebrovascular diseases (I60-I69),Stroke,Nebraska,787,33.2
2016,Cerebrovascular diseases (I60-I69),Stroke,Nevada,1096,35.9
2016,Cerebrovascular diseases (I60-I69),Stroke,New Hampshire,490,28.0
2016,Cerebrovascular diseases (I60-I69),Stroke,New Jersey,3401,30.4
2016,Cerebrovascular diseases (I60-I69),Stroke,New Mexico,885,35.5
2016,Cerebrovascular diseases (I60-I69),Stroke,New York,6258,25.5
2016,Cerebrovascular diseases (I60-I69),Stroke,North Carolina,4940,43.0
2016,Cerebrovascular diseases (I60-I69),Stroke,North Dakota,311,32.7
2016,Cerebrovascular diseases (I60-I69),Stroke,Ohio,5987,40.6
2016,Cerebrovascular diseases (I60-I69),Stroke,Oklahoma,1859,41.8
2016,Cerebrovascular diseases (I60-I69),Stroke,Oregon,1943,37.8
2016,Cerebrovascular diseases (I60-I69),Stroke,Pennsylvania,6730,37.0
2016,Cerebrovascular diseases (I60-I69),Stroke,Rhode Island,399,26.8
2016,Cerebrovascular diseases (I60-I69),Stroke,South Carolina,2627,45.5
2016,Cerebrovascular diseases (I60-I69),Stroke,South Dakota,420,35.8
2016,Cerebrovascular diseases (I60-I69),Stroke,Tennessee,3508,46.0
2016,Cerebrovascular diseases (I60-I69),Stroke,Texas,10673,42.0
2016,Cerebrovascular diseases (I60-I69),Stroke,United States,142142,37.3
2016,Cerebrovascular diseases (I60-I69),Stroke,Utah,932,38.8
2016,Cerebrovascular diseases (I60-I69),Stroke,Vermont,247,29.2
2016,Cerebrovascular diseases (I60-I69),Stroke,Virginia,3502,38.2
2016,Cerebrovascular diseases (I60-I69),Stroke,Washington,2910,35.8
2016,Cerebrovascular diseases (I60-I69),Stroke,West Virginia,1039,41.7
2016,Cerebrovascular diseases (I60-I69),Stroke,Wisconsin,2481,33.3
2016,Cerebrovascular diseases (I60-I69),Stroke,Wyoming,208,31.7
2015,Cerebrovascular diseases (I60-I69),Stroke,Alabama,2937,52.2
2015,Cerebrovascular diseases (I60-I69),Stroke,Alaska,182,36.8
2015,Cerebrovascular diseases (I60-I69),Stroke,Arizona,2522,30.7
2015,Cerebrovascular diseases (I60-I69),Stroke,Arkansas,1653,46.8
2015,Cerebrovascular diseases (I60-I69),Stroke,California,15065,36.2
2015,Cerebrovascular diseases (I60-I69),Stroke,Colorado,1856,34.9
2015,Cerebrovascular diseases (I60-I69),Stroke,Connecticut,1388,28.5
2015,Cerebrovascular diseases (I60-I69),Stroke,Delaware,466,39.4
2015,Cerebrovascular diseases (I60-I69),Stroke,District of Columbia,242,38.3
2015,Cerebrovascular diseases (I60-I69),Stroke,Florida,11433,37.1
2015,Cerebrovascular diseases (I60-I69),Stroke,Georgia,4335,45.3
2015,Cerebrovascular diseases (I60-I69),Stroke,Hawaii,735,38.2
2015,Cerebrovascular diseases (I60-I69),Stroke,Idaho,641,36.3
2015,Cerebrovascular diseases (I60-I69),Stroke,Illinois,5709,38.4
2015,Cerebrovascular diseases (I60-I69),Stroke,Indiana,2959,39.1
2015,Cerebrovascular diseases (I60-I69),Stroke,Iowa,1418,33.2
2015,Cerebrovascular diseases (I60-I69),Stroke,Kansas,1364,38.6
2015,Cerebrovascular diseases (I60-I69),Stroke,Kentucky,2050,40.8
2015,Cerebrovascular diseases (I60-I69),Stroke,Louisiana,2280,46.0
2015,Cerebrovascular diseases (I60-I69),Stroke,Maine,616,32.6
2015,Cerebrovascular diseases (I60-I69),Stroke,Maryland,2540,37.8
2015,Cerebrovascular diseases (I60-I69),Stroke,Massachusetts,2475,28.4
2015,Cerebrovascular diseases (I60-I69),Stroke,Michigan,4666,37.6
2015,Cerebrovascular diseases (I60-I69),Stroke,Minnesota,2238,33.5
2015,Cerebrovascular diseases (I60-I69),Stroke,Mississippi,1734,52.6
2015,Cerebrovascular diseases (I60-I69),Stroke,Missouri,3037,40.8
2015,Cerebrovascular diseases (I60-I69),Stroke,Montana,458,33.8
2015,Cerebrovascular diseases (I60-I69),Stroke,Nebraska,776,33.4
2015,Cerebrovascular diseases (I60-I69),Stroke,Nevada,1078,37.0
2015,Cerebrovascular diseases (I60-I69),Stroke,New Hampshire,457,26.9
2015,Cerebrovascular diseases (I60-I69),Stroke,New Jersey,3413,31.1
2015,Cerebrovascular diseases (I60-I69),Stroke,New Mexico,786,32.5
2015,Cerebrovascular diseases (I60-I69),Stroke,New York,6292,26.0
2015,Cerebrovascular diseases (I60-I69),Stroke,North Carolina,5033,44.7
2015,Cerebrovascular diseases (I60-I69),Stroke,North Dakota,308,33.4
2015,Cerebrovascular diseases (I60-I69),Stroke,Ohio,5945,40.7
2015,Cerebrovascular diseases (I60-I69),Stroke,Oklahoma,1881,43.0
2015,Cerebrovascular diseases (I60-I69),Stroke,Oregon,1873,37.5
2015,Cerebrovascular diseases (I60-I69),Stroke,Pennsylvania,6987,38.8
2015,Cerebrovascular diseases (I60-I69),Stroke,Rhode Island,394,27.1
2015,Cerebrovascular diseases (I60-I69),Stroke,South Carolina,2600,46.7
2015,Cerebrovascular diseases (I60-I69),Stroke,South Dakota,383,33.2
2015,Cerebrovascular diseases (I60-I69),Stroke,Tennessee,3447,46.0
2015,Cerebrovascular diseases (I60-I69),Stroke,Texas,10485,42.7
2015,Cerebrovascular diseases (I60-I69),Stroke,United States,140323,37.6
2015,Cerebrovascular diseases (I60-I69),Stroke,Utah,888,38.4
2015,Cerebrovascular diseases (I60-I69),Stroke,Vermont,307,36.4
2015,Cerebrovascular diseases (I60-I69),Stroke,Virginia,3393,38.0
2015,Cerebrovascular diseases (I60-I69),Stroke,Washington,2703,34.2
2015,Cerebrovascular diseases (I60-I69),Stroke,West Virginia,1079,43.8
2015,Cerebrovascular diseases (I60-I69),Stroke,Wisconsin,2618,35.6
2015,Cerebrovascular diseases (I60-I69),Stroke,Wyoming,198,31.4
2014,Cerebrovascular diseases (I60-I69),Stroke,Alabama,2663,48.3
2014,Cerebrovascular diseases (I60-I69),Stroke,Alaska,157,32.3
2014,Cerebrovascular diseases (I60-I69),Stroke,Arizona,2235,28.3
2014,Cerebrovascular diseases (I60-I69),Stroke,Arkansas,1583,45.4
2014,Cerebrovascular diseases (I60-I69),Stroke,California,13731,33.9
2014,Cerebrovascular diseases (I60-I69),Stroke,Colorado,1714,33.4
2014,Cerebrovascular diseases (I60-I69),Stroke,Connecticut,1266,26.3
2014,Cerebrovascular diseases (I60-I69),Stroke,Delaware,439,38.8
2014,Cerebrovascular diseases (I60-I69),Stroke,District of Columbia,214,33.6
2014,Cerebrovascular diseases (I60-I69),Stroke,Florida,9770,33.0
2014,Cerebrovascular diseases (I60-I69),Stroke,Georgia,3948,42.6
2014,Cerebrovascular diseases (I60-I69),Stroke,Hawaii,655,34.1
2014,Cerebrovascular diseases (I60-I69),Stroke,Idaho,640,36.8
2014,Cerebrovascular diseases (I60-I69),Stroke,Illinois,5489,37.4
2014,Cerebrovascular diseases (I60-I69),Stroke,Indiana,3107,41.7
2014,Cerebrovascular diseases (I60-I69),Stroke,Iowa,1433,34.0
2014,Cerebrovascular diseases (I60-I69),Stroke,Kansas,1363,39.0
2014,Cerebrovascular diseases (I60-I69),Stroke,Kentucky,2050,41.8
2014,Cerebrovascular diseases (I60-I69),Stroke,Louisiana,2230,45.6
2014,Cerebrovascular diseases (I60-I69),Stroke,Maine,628,33.2
2014,Cerebrovascular diseases (I60-I69),Stroke,Maryland,2469,38.0
2014,Cerebrovascular diseases (I60-I69),Stroke,Massachusetts,2460,28.7
2014,Cerebrovascular diseases (I60-I69),Stroke,Michigan,4596,37.9
2014,Cerebrovascular diseases (I60-I69),Stroke,Minnesota,2202,34.0
2014,Cerebrovascular diseases (I60-I69),Stroke,Mississippi,1584,48.8
2014,Cerebrovascular diseases (I60-I69),Stroke,Missouri,3030,41.0
2014,Cerebrovascular diseases (I60-I69),Stroke,Montana,480,36.4
2014,Cerebrovascular diseases (I60-I69),Stroke,Nebraska,798,34.7
2014,Cerebrovascular diseases (I60-I69),Stroke,Nevada,948,33.8
2014,Cerebrovascular diseases (I60-I69),Stroke,New Hampshire,474,28.9
2014,Cerebrovascular diseases (I60-I69),Stroke,New Jersey,3419,31.4
2014,Cerebrovascular diseases (I60-I69),Stroke,New Mexico,822,34.7
2014,Cerebrovascular diseases (I60-I69),Stroke,New York,6212,26.1
2014,Cerebrovascular diseases (I60-I69),Stroke,North Carolina,4702,43.0
2014,Cerebrovascular diseases (I60-I69),Stroke,North Dakota,325,35.5
2014,Cerebrovascular diseases (I60-I69),Stroke,Ohio,5791,40.0
2014,Cerebrovascular diseases (I60-I69),Stroke,Oklahoma,1847,43.0
2014,Cerebrovascular diseases (I60-I69),Stroke,Oregon,1821,37.4
2014,Cerebrovascular diseases (I60-I69),Stroke,Pennsylvania,6576,36.7
2014,Cerebrovascular diseases (I60-I69),Stroke,Rhode Island,373,25.6
2014,Cerebrovascular diseases (I60-I69),Stroke,South Carolina,2393,44.2
2014,Cerebrovascular diseases (I60-I69),Stroke,South Dakota,439,38.8
2014,Cerebrovascular diseases (I60-I69),Stroke,Tennessee,3326,45.8
2014,Cerebrovascular diseases (I60-I69),Stroke,Texas,9898,41.6
2014,Cerebrovascular diseases (I60-I69),Stroke,United States,133103,36.5
2014,Cerebrovascular diseases (I60-I69),Stroke,Utah,856,37.9
2014,Cerebrovascular diseases (I60-I69),Stroke,Vermont,266,31.7
2014,Cerebrovascular diseases (I60-I69),Stroke,Virginia,3229,37.0
2014,Cerebrovascular diseases (I60-I69),Stroke,Washington,2649,34.3
2014,Cerebrovascular diseases (I60-I69),Stroke,West Virginia,1103,45.3
2014,Cerebrovascular diseases (I60-I69),Stroke,Wisconsin,2511,34.6
2014,Cerebrovascular diseases (I60-I69),Stroke,Wyoming,189,30.2
2013,Cerebrovascular diseases (I60-I69),Stroke,Alabama,2604,48.1
2013,Cerebrovascular diseases (I60-I69),Stroke,Alaska,189,40.7
2013,Cerebrovascular diseases (I60-I69),Stroke,Arizona,2162,28.6
2013,Cerebrovascular diseases (I60-I69),Stroke,Arkansas,1637,47.6
2013,Cerebrovascular diseases (I60-I69),Stroke,California,13698,34.9
2013,Cerebrovascular diseases (I60-I69),Stroke,Colorado,1588,32.0
2013,Cerebrovascular diseases (I60-I69),Stroke,Connecticut,1348,28.3
2013,Cerebrovascular diseases (I60-I69),Stroke,Delaware,409,37.0
2013,Cerebrovascular diseases (I60-I69),Stroke,District of Columbia,187,30.1
2013,Cerebrovascular diseases (I60-I69),Stroke,Florida,8698,30.6
2013,Cerebrovascular diseases (I60-I69),Stroke,Georgia,3694,41.4
2013,Cerebrovascular diseases (I60-I69),Stroke,Hawaii,634,34.9
2013,Cerebrovascular diseases (I60-I69),Stroke,Idaho,598,35.4
2013,Cerebrovascular diseases (I60-I69),Stroke,Illinois,5294,36.7
2013,Cerebrovascular diseases (I60-I69),Stroke,Indiana,2996,40.7
2013,Cerebrovascular diseases (I60-I69),Stroke,Iowa,1409,33.9
2013,Cerebrovascular diseases (I60-I69),Stroke,Kansas,1320,38.1
2013,Cerebrovascular diseases (I60-I69),Stroke,Kentucky,1990,41.7
2013,Cerebrovascular diseases (I60-I69),Stroke,Louisiana,2098,44.0
2013,Cerebrovascular diseases (I60-I69),Stroke,Maine,620,33.4
2013,Cerebrovascular diseases (I60-I69),Stroke,Maryland,2315,36.1
2013,Cerebrovascular diseases (I60-I69),Stroke,Massachusetts,2354,27.7
2013,Cerebrovascular diseases (I60-I69),Stroke,Michigan,4373,36.3
2013,Cerebrovascular diseases (I60-I69),Stroke,Minnesota,2073,32.0
2013,Cerebrovascular diseases (I60-I69),Stroke,Mississippi,1500,47.2
2013,Cerebrovascular diseases (I60-I69),Stroke,Missouri,2935,40.6
2013,Cerebrovascular diseases (I60-I69),Stroke,Montana,480,37.6
2013,Cerebrovascular diseases (I60-I69),Stroke,Nebraska,820,36.4
2013,Cerebrovascular diseases (I60-I69),Stroke,Nevada,905,33.3
2013,Cerebrovascular diseases (I60-I69),Stroke,New Hampshire,441,27.6
2013,Cerebrovascular diseases (I60-I69),Stroke,New Jersey,3456,32.4
2013,Cerebrovascular diseases (I60-I69),Stroke,New Mexico,689,30.0
2013,Cerebrovascular diseases (I60-I69),Stroke,New York,6176,26.3
2013,Cerebrovascular diseases (I60-I69),Stroke,North Carolina,4503,42.4
2013,Cerebrovascular diseases (I60-I69),Stroke,North Dakota,306,32.4
2013,Cerebrovascular diseases (I60-I69),Stroke,Ohio,5690,39.9
2013,Cerebrovascular diseases (I60-I69),Stroke,Oklahoma,1880,44.5
2013,Cerebrovascular diseases (I60-I69),Stroke,Oregon,1775,37.3
2013,Cerebrovascular diseases (I60-I69),Stroke,Pennsylvania,6604,37.2
2013,Cerebrovascular diseases (I60-I69),Stroke,Rhode Island,397,27.7
2013,Cerebrovascular diseases (I60-I69),Stroke,South Carolina,2508,47.6
2013,Cerebrovascular diseases (I60-I69),Stroke,South Dakota,418,38.0
2013,Cerebrovascular diseases (I60-I69),Stroke,Tennessee,3157,44.4
2013,Cerebrovascular diseases (I60-I69),Stroke,Texas,9283,40.2
2013,Cerebrovascular diseases (I60-I69),Stroke,United States,128978,36.2
2013,Cerebrovascular diseases (I60-I69),Stroke,Utah,836,38.2
2013,Cerebrovascular diseases (I60-I69),Stroke,Vermont,260,31.7
2013,Cerebrovascular diseases (I60-I69),Stroke,Virginia,3287,38.6
2013,Cerebrovascular diseases (I60-I69),Stroke,Washington,2652,35.5
2013,Cerebrovascular diseases (I60-I69),Stroke,West Virginia,983,40.7
2013,Cerebrovascular diseases (I60-I69),Stroke,Wisconsin,2536,36.0
2013,Cerebrovascular diseases (I60-I69),Stroke,Wyoming,213,35.1
2012,Cerebrovascular diseases (I60-I69),Stroke,Alabama,2628,49.5
2012,Cerebrovascular diseases (I60-I69),Stroke,Alaska,188,42.5
2012,Cerebrovascular diseases (I60-I69),Stroke,Arizona,2164,29.9
2012,Cerebrovascular diseases (I60-I69),Stroke,Arkansas,1664,49.1
2012,Cerebrovascular diseases (I60-I69),Stroke,California,13542,35.4
2012,Cerebrovascular diseases (I60-I69),Stroke,Colorado,1576,32.6
2012,Cerebrovascular diseases (I60-I69),Stroke,Connecticut,1273,27.0
2012,Cerebrovascular diseases (I60-I69),Stroke,Delaware,404,38.2
2012,Cerebrovascular diseases (I60-I69),Stroke,District of Columbia,207,33.8
2012,Cerebrovascular diseases (I60-I69),Stroke,Florida,8456,30.7
2012,Cerebrovascular diseases (I60-I69),Stroke,Georgia,3636,41.8
2012,Cerebrovascular diseases (I60-I69),Stroke,Hawaii,634,35.2
2012,Cerebrovascular diseases (I60-I69),Stroke,Idaho,610,37.2
2012,Cerebrovascular diseases (I60-I69),Stroke,Illinois,5337,37.7
2012,Cerebrovascular diseases (I60-I69),Stroke,Indiana,3073,42.7
2012,Cerebrovascular diseases (I60-I69),Stroke,Iowa,1422,34.1
2012,Cerebrovascular diseases (I60-I69),Stroke,Kansas,1343,39.4
2012,Cerebrovascular diseases (I60-I69),Stroke,Kentucky,2073,44.3
2012,Cerebrovascular diseases (I60-I69),Stroke,Louisiana,2039,43.9
2012,Cerebrovascular diseases (I60-I69),Stroke,Maine,619,34.3
2012,Cerebrovascular diseases (I60-I69),Stroke,Maryland,2280,36.5
2012,Cerebrovascular diseases (I60-I69),Stroke,Massachusetts,2371,28.3
2012,Cerebrovascular diseases (I60-I69),Stroke,Michigan,4414,37.3
2012,Cerebrovascular diseases (I60-I69),Stroke,Minnesota,2081,33.0
2012,Cerebrovascular diseases (I60-I69),Stroke,Mississippi,1502,48.3
2012,Cerebrovascular diseases (I60-I69),Stroke,Missouri,2989,42.2
2012,Cerebrovascular diseases (I60-I69),Stroke,Montana,415,33.1
2012,Cerebrovascular diseases (I60-I69),Stroke,Nebraska,776,34.8
2012,Cerebrovascular diseases (I60-I69),Stroke,Nevada,897,34.3
2012,Cerebrovascular diseases (I60-I69),Stroke,New Hampshire,457,29.3
2012,Cerebrovascular diseases (I60-I69),Stroke,New Jersey,3440,32.7
2012,Cerebrovascular diseases (I60-I69),Stroke,New Mexico,677,30.3
2012,Cerebrovascular diseases (I60-I69),Stroke,New York,6139,26.6
2012,Cerebrovascular diseases (I60-I69),Stroke,North Carolina,4410,42.8
2012,Cerebrovascular diseases (I60-I69),Stroke,North Dakota,343,37.3
2012,Cerebrovascular diseases (I60-I69),Stroke,Ohio,5788,41.2
2012,Cerebrovascular diseases (I60-I69),Stroke,Oklahoma,1893,45.7
2012,Cerebrovascular diseases (I60-I69),Stroke,Oregon,1763,37.5
2012,Cerebrovascular diseases (I60-I69),Stroke,Pennsylvania,6546,37.4
2012,Cerebrovascular diseases (I60-I69),Stroke,Rhode Island,433,30.6
2012,Cerebrovascular diseases (I60-I69),Stroke,South Carolina,2349,45.9
2012,Cerebrovascular diseases (I60-I69),Stroke,South Dakota,408,37.4
2012,Cerebrovascular diseases (I60-I69),Stroke,Tennessee,3120,44.9
2012,Cerebrovascular diseases (I60-I69),Stroke,Texas,9305,41.8
2012,Cerebrovascular diseases (I60-I69),Stroke,United States,128546,36.9
2012,Cerebrovascular diseases (I60-I69),Stroke,Utah,809,37.8
2012,Cerebrovascular diseases (I60-I69),Stroke,Vermont,281,35.9
2012,Cerebrovascular diseases (I60-I69),Stroke,Virginia,3394,40.7
2012,Cerebrovascular diseases (I60-I69),Stroke,Washington,2513,34.3
2012,Cerebrovascular diseases (I60-I69),Stroke,West Virginia,1140,47.9
2012,Cerebrovascular diseases (I60-I69),Stroke,Wisconsin,2520,36.0
2012,Cerebrovascular diseases (I60-I69),Stroke,Wyoming,205,34.9
2011,Cerebrovascular diseases (I60-I69),Stroke,Alabama,2568,49.4
2011,Cerebrovascular diseases (I60-I69),Stroke,Alaska,168,39.4
2011,Cerebrovascular diseases (I60-I69),Stroke,Arizona,2148,30.6
2011,Cerebrovascular diseases (I60-I69),Stroke,Arkansas,1692,50.6
2011,Cerebrovascular diseases (I60-I69),Stroke,California,13503,36.4
2011,Cerebrovascular diseases (I60-I69),Stroke,Colorado,1606,34.6
2011,Cerebrovascular diseases (I60-I69),Stroke,Connecticut,1315,28.3
2011,Cerebrovascular diseases (I60-I69),Stroke,Delaware,418,40.5
2011,Cerebrovascular diseases (I60-I69),Stroke,District of Columbia,209,34.2
2011,Cerebrovascular diseases (I60-I69),Stroke,Florida,8411,31.5
2011,Cerebrovascular diseases (I60-I69),Stroke,Georgia,3564,42.7
2011,Cerebrovascular diseases (I60-I69),Stroke,Hawaii,621,35.6
2011,Cerebrovascular diseases (I60-I69),Stroke,Idaho,623,38.8
2011,Cerebrovascular diseases (I60-I69),Stroke,Illinois,5372,38.6
2011,Cerebrovascular diseases (I60-I69),Stroke,Indiana,3127,44.2
2011,Cerebrovascular diseases (I60-I69),Stroke,Iowa,1432,34.9
2011,Cerebrovascular diseases (I60-I69),Stroke,Kansas,1338,39.7
2011,Cerebrovascular diseases (I60-I69),Stroke,Kentucky,2064,44.8
2011,Cerebrovascular diseases (I60-I69),Stroke,Louisiana,2071,45.7
2011,Cerebrovascular diseases (I60-I69),Stroke,Maine,630,35.8
2011,Cerebrovascular diseases (I60-I69),Stroke,Maryland,2306,37.8
2011,Cerebrovascular diseases (I60-I69),Stroke,Massachusetts,2466,30.2
2011,Cerebrovascular diseases (I60-I69),Stroke,Michigan,4442,38.6
2011,Cerebrovascular diseases (I60-I69),Stroke,Minnesota,2154,35.0
2011,Cerebrovascular diseases (I60-I69),Stroke,Mississippi,1526,50.6
2011,Cerebrovascular diseases (I60-I69),Stroke,Missouri,3033,43.4
2011,Cerebrovascular diseases (I60-I69),Stroke,Montana,460,37.9
2011,Cerebrovascular diseases (I60-I69),Stroke,Nebraska,810,36.9
2011,Cerebrovascular diseases (I60-I69),Stroke,Nevada,889,36.0
2011,Cerebrovascular diseases (I60-I69),Stroke,New Hampshire,490,32.3
2011,Cerebrovascular diseases (I60-I69),Stroke,New Jersey,3418,32.9
2011,Cerebrovascular diseases (I60-I69),Stroke,New Mexico,727,33.5
2011,Cerebrovascular diseases (I60-I69),Stroke,New York,6254,27.6
2011,Cerebrovascular diseases (I60-I69),Stroke,North Carolina,4299,43.2
2011,Cerebrovascular diseases (I60-I69),Stroke,North Dakota,337,37.2
2011,Cerebrovascular diseases (I60-I69),Stroke,Ohio,5691,41.3
2011,Cerebrovascular diseases (I60-I69),Stroke,Oklahoma,1864,45.8
2011,Cerebrovascular diseases (I60-I69),Stroke,Oregon,1913,41.6
2011,Cerebrovascular diseases (I60-I69),Stroke,Pennsylvania,6825,39.6
2011,Cerebrovascular diseases (I60-I69),Stroke,Rhode Island,404,29.4
2011,Cerebrovascular diseases (I60-I69),Stroke,South Carolina,2287,46.3
2011,Cerebrovascular diseases (I60-I69),Stroke,South Dakota,444,42.3
2011,Cerebrovascular diseases (I60-I69),Stroke,Tennessee,3218,47.5
2011,Cerebrovascular diseases (I60-I69),Stroke,Texas,9065,41.9
2011,Cerebrovascular diseases (I60-I69),Stroke,United States,128932,37.9
2011,Cerebrovascular diseases (I60-I69),Stroke,Utah,782,37.8
2011,Cerebrovascular diseases (I60-I69),Stroke,Vermont,227,29.4
2011,Cerebrovascular diseases (I60-I69),Stroke,Virginia,3347,41.7
2011,Cerebrovascular diseases (I60-I69),Stroke,Washington,2557,35.8
2011,Cerebrovascular diseases (I60-I69),Stroke,West Virginia,1049,44.8
2011,Cerebrovascular diseases (I60-I69),Stroke,Wisconsin,2554,37.2
2011,Cerebrovascular diseases (I60-I69),Stroke,Wyoming,214,37.2
2010,Cerebrovascular diseases (I60-I69),Stroke,Alabama,2619,51.6
2010,Cerebrovascular diseases (I60-I69),Stroke,Alaska,167,40.9
2010,Cerebrovascular diseases (I60-I69),Stroke,Arizona,2138,31.9
2010,Cerebrovascular diseases (I60-I69),Stroke,Arkansas,1741,53.8
2010,Cerebrovascular diseases (I60-I69),Stroke,California,13662,38.1
2010,Cerebrovascular diseases (I60-I69),Stroke,Colorado,1607,36.1
2010,Cerebrovascular diseases (I60-I69),Stroke,Connecticut,1349,29.4
2010,Cerebrovascular diseases (I60-I69),Stroke,Delaware,407,40.7
2010,Cerebrovascular diseases (I60-I69),Stroke,District of Columbia,196,32.7
2010,Cerebrovascular diseases (I60-I69),Stroke,Florida,8432,32.8
2010,Cerebrovascular diseases (I60-I69),Stroke,Georgia,3762,46.3
2010,Cerebrovascular diseases (I60-I69),Stroke,Hawaii,605,35.8
2010,Cerebrovascular diseases (I60-I69),Stroke,Idaho,642,42.0
2010,Cerebrovascular diseases (I60-I69),Stroke,Illinois,5349,39.3
2010,Cerebrovascular diseases (I60-I69),Stroke,Indiana,3082,44.5
2010,Cerebrovascular diseases (I60-I69),Stroke,Iowa,1537,38.0
2010,Cerebrovascular diseases (I60-I69),Stroke,Kansas,1370,41.2
2010,Cerebrovascular diseases (I60-I69),Stroke,Kentucky,1992,44.1
2010,Cerebrovascular diseases (I60-I69),Stroke,Louisiana,1977,44.9
2010,Cerebrovascular diseases (I60-I69),Stroke,Maine,602,34.5
2010,Cerebrovascular diseases (I60-I69),Stroke,Maryland,2279,38.8
2010,Cerebrovascular diseases (I60-I69),Stroke,Massachusetts,2516,31.3
2010,Cerebrovascular diseases (I60-I69),Stroke,Michigan,4474,39.5
2010,Cerebrovascular diseases (I60-I69),Stroke,Minnesota,2167,36.1
2010,Cerebrovascular diseases (I60-I69),Stroke,Mississippi,1520,51.2
2010,Cerebrovascular diseases (I60-I69),Stroke,Missouri,3001,44.0
2010,Cerebrovascular diseases (I60-I69),Stroke,Montana,494,41.8
2010,Cerebrovascular diseases (I60-I69),Stroke,Nebraska,876,40.5
2010,Cerebrovascular diseases (I60-I69),Stroke,Nevada,796,33.3
2010,Cerebrovascular diseases (I60-I69),Stroke,New Hampshire,500,33.5
2010,Cerebrovascular diseases (I60-I69),Stroke,New Jersey,3402,33.4
2010,Cerebrovascular diseases (I60-I69),Stroke,New Mexico,806,38.4
2010,Cerebrovascular diseases (I60-I69),Stroke,New York,6213,27.9
2010,Cerebrovascular diseases (I60-I69),Stroke,North Carolina,4298,44.7
2010,Cerebrovascular diseases (I60-I69),Stroke,North Dakota,382,42.9
2010,Cerebrovascular diseases (I60-I69),Stroke,Ohio,5755,42.6
2010,Cerebrovascular diseases (I60-I69),Stroke,Oklahoma,1980,50.0
2010,Cerebrovascular diseases (I60-I69),Stroke,Oregon,1793,40.1
2010,Cerebrovascular diseases (I60-I69),Stroke,Pennsylvania,6701,39.3
2010,Cerebrovascular diseases (I60-I69),Stroke,Rhode Island,431,31.4
2010,Cerebrovascular diseases (I60-I69),Stroke,South Carolina,2293,47.9
2010,Cerebrovascular diseases (I60-I69),Stroke,South Dakota,416,39.9
2010,Cerebrovascular diseases (I60-I69),Stroke,Tennessee,3205,48.7
2010,Cerebrovascular diseases (I60-I69),Stroke,Texas,9180,44.4
2010,Cerebrovascular diseases (I60-I69),Stroke,United States,129476,39.1
2010,Cerebrovascular diseases (I60-I69),Stroke,Utah,739,37.1
2010,Cerebrovascular diseases (I60-I69),Stroke,Vermont,265,35.3
2010,Cerebrovascular diseases (I60-I69),Stroke,Virginia,3293,42.1
2010,Cerebrovascular diseases (I60-I69),Stroke,Washington,2548,37.0
2010,Cerebrovascular diseases (I60-I69),Stroke,West Virginia,1104,47.8
2010,Cerebrovascular diseases (I60-I69),Stroke,Wisconsin,2609,38.8
2010,Cerebrovascular diseases (I60-I69),Stroke,Wyoming,204,37.2
2009,Cerebrovascular diseases (I60-I69),Stroke,Alabama,2675,53.6
2009,Cerebrovascular diseases (I60-I69),Stroke,Alaska,162,41.8
2009,Cerebrovascular diseases (I60-I69),Stroke,Arizona,2072,31.7
2009,Cerebrovascular diseases (I60-I69),Stroke,Arkansas,1694,52.9
2009,Cerebrovascular diseases (I60-I69),Stroke,California,13506,38.5
2009,Cerebrovascular diseases (I60-I69),Stroke,Colorado,1532,35.2
2009,Cerebrovascular diseases (I60-I69),Stroke,Connecticut,1460,32.4
2009,Cerebrovascular diseases (I60-I69),Stroke,Delaware,415,42.5
2009,Cerebrovascular diseases (I60-I69),Stroke,District of Columbia,199,34.6
2009,Cerebrovascular diseases (I60-I69),Stroke,Florida,8395,33.2
2009,Cerebrovascular diseases (I60-I69),Stroke,Georgia,3732,46.9
2009,Cerebrovascular diseases (I60-I69),Stroke,Hawaii,671,41.0
2009,Cerebrovascular diseases (I60-I69),Stroke,Idaho,627,41.6
2009,Cerebrovascular diseases (I60-I69),Stroke,Illinois,5258,39.0
2009,Cerebrovascular diseases (I60-I69),Stroke,Indiana,3004,44.0
2009,Cerebrovascular diseases (I60-I69),Stroke,Iowa,1635,41.2
2009,Cerebrovascular diseases (I60-I69),Stroke,Kansas,1416,43.2
2009,Cerebrovascular diseases (I60-I69),Stroke,Kentucky,2064,46.4
2009,Cerebrovascular diseases (I60-I69),Stroke,Louisiana,2061,47.4
2009,Cerebrovascular diseases (I60-I69),Stroke,Maine,647,38.0
2009,Cerebrovascular diseases (I60-I69),Stroke,Maryland,2288,39.4
2009,Cerebrovascular diseases (I60-I69),Stroke,Massachusetts,2579,32.5
2009,Cerebrovascular diseases (I60-I69),Stroke,Michigan,4435,39.8
2009,Cerebrovascular diseases (I60-I69),Stroke,Minnesota,2033,34.4
2009,Cerebrovascular diseases (I60-I69),Stroke,Mississippi,1436,48.8
2009,Cerebrovascular diseases (I60-I69),Stroke,Missouri,3017,44.9
2009,Cerebrovascular diseases (I60-I69),Stroke,Montana,462,39.5
2009,Cerebrovascular diseases (I60-I69),Stroke,Nebraska,857,40.1
2009,Cerebrovascular diseases (I60-I69),Stroke,Nevada,859,36.9
2009,Cerebrovascular diseases (I60-I69),Stroke,New Hampshire,499,34.1
2009,Cerebrovascular diseases (I60-I69),Stroke,New Jersey,3265,32.6
2009,Cerebrovascular diseases (I60-I69),Stroke,New Mexico,726,35.2
2009,Cerebrovascular diseases (I60-I69),Stroke,New York,5950,27.0
2009,Cerebrovascular diseases (I60-I69),Stroke,North Carolina,4442,47.2
2009,Cerebrovascular diseases (I60-I69),Stroke,North Dakota,337,38.2
2009,Cerebrovascular diseases (I60-I69),Stroke,Ohio,5576,41.8
2009,Cerebrovascular diseases (I60-I69),Stroke,Oklahoma,1961,50.1
2009,Cerebrovascular diseases (I60-I69),Stroke,Oregon,1912,43.5
2009,Cerebrovascular diseases (I60-I69),Stroke,Pennsylvania,6842,40.7
2009,Cerebrovascular diseases (I60-I69),Stroke,Rhode Island,429,31.4
2009,Cerebrovascular diseases (I60-I69),Stroke,South Carolina,2400,51.3
2009,Cerebrovascular diseases (I60-I69),Stroke,South Dakota,418,40.2
2009,Cerebrovascular diseases (I60-I69),Stroke,Tennessee,3156,48.7
2009,Cerebrovascular diseases (I60-I69),Stroke,Texas,9137,45.2
2009,Cerebrovascular diseases (I60-I69),Stroke,United States,128842,39.6
2009,Cerebrovascular diseases (I60-I69),Stroke,Utah,738,37.6
2009,Cerebrovascular diseases (I60-I69),Stroke,Vermont,221,29.7
2009,Cerebrovascular diseases (I60-I69),Stroke,Virginia,3244,42.5
2009,Cerebrovascular diseases (I60-I69),Stroke,Washington,2591,38.6
2009,Cerebrovascular diseases (I60-I69),Stroke,West Virginia,1073,46.7
2009,Cerebrovascular diseases (I60-I69),Stroke,Wisconsin,2501,37.7
2009,Cerebrovascular diseases (I60-I69),Stroke,Wyoming,233,42.6
2008,Cerebrovascular diseases (I60-I69),Stroke,Alabama,2863,58.2
2008,Cerebrovascular diseases (I60-I69),Stroke,Alaska,172,44.5
2008,Cerebrovascular diseases (I60-I69),Stroke,Arizona,2147,33.9
2008,Cerebrovascular diseases (I60-I69),Stroke,Arkansas,1722,54.4
2008,Cerebrovascular diseases (I60-I69),Stroke,California,14048,41.2
2008,Cerebrovascular diseases (I60-I69),Stroke,Colorado,1565,37.4
2008,Cerebrovascular diseases (I60-I69),Stroke,Connecticut,1433,32.0
2008,Cerebrovascular diseases (I60-I69),Stroke,Delaware,365,37.9
2008,Cerebrovascular diseases (I60-I69),Stroke,District of Columbia,222,38.5
2008,Cerebrovascular diseases (I60-I69),Stroke,Florida,8589,34.8
2008,Cerebrovascular diseases (I60-I69),Stroke,Georgia,3805,49.5
2008,Cerebrovascular diseases (I60-I69),Stroke,Hawaii,642,40.7
2008,Cerebrovascular diseases (I60-I69),Stroke,Idaho,609,41.6
2008,Cerebrovascular diseases (I60-I69),Stroke,Illinois,5788,43.4
2008,Cerebrovascular diseases (I60-I69),Stroke,Indiana,3114,46.2
2008,Cerebrovascular diseases (I60-I69),Stroke,Iowa,1732,43.6
2008,Cerebrovascular diseases (I60-I69),Stroke,Kansas,1574,48.6
2008,Cerebrovascular diseases (I60-I69),Stroke,Kentucky,2098,47.9
2008,Cerebrovascular diseases (I60-I69),Stroke,Louisiana,2084,48.6
2008,Cerebrovascular diseases (I60-I69),Stroke,Maine,671,40.4
2008,Cerebrovascular diseases (I60-I69),Stroke,Maryland,2330,41.4
2008,Cerebrovascular diseases (I60-I69),Stroke,Massachusetts,2747,35.1
2008,Cerebrovascular diseases (I60-I69),Stroke,Michigan,4769,43.4
2008,Cerebrovascular diseases (I60-I69),Stroke,Minnesota,2199,37.7
2008,Cerebrovascular diseases (I60-I69),Stroke,Mississippi,1592,54.7
2008,Cerebrovascular diseases (I60-I69),Stroke,Missouri,3261,49.2
2008,Cerebrovascular diseases (I60-I69),Stroke,Montana,466,40.3
2008,Cerebrovascular diseases (I60-I69),Stroke,Nebraska,863,41.0
2008,Cerebrovascular diseases (I60-I69),Stroke,Nevada,906,40.8
2008,Cerebrovascular diseases (I60-I69),Stroke,New Hampshire,484,33.9
2008,Cerebrovascular diseases (I60-I69),Stroke,New Jersey,3264,33.1
2008,Cerebrovascular diseases (I60-I69),Stroke,New Mexico,760,38.3
2008,Cerebrovascular diseases (I60-I69),Stroke,New York,6123,28.2
2008,Cerebrovascular diseases (I60-I69),Stroke,North Carolina,4637,50.8
2008,Cerebrovascular diseases (I60-I69),Stroke,North Dakota,325,37.2
2008,Cerebrovascular diseases (I60-I69),Stroke,Ohio,5951,45.2
2008,Cerebrovascular diseases (I60-I69),Stroke,Oklahoma,2079,54.0
2008,Cerebrovascular diseases (I60-I69),Stroke,Oregon,1899,44.1
2008,Cerebrovascular diseases (I60-I69),Stroke,Pennsylvania,6942,41.9
2008,Cerebrovascular diseases (I60-I69),Stroke,Rhode Island,462,34.1
2008,Cerebrovascular diseases (I60-I69),Stroke,South Carolina,2394,52.6
2008,Cerebrovascular diseases (I60-I69),Stroke,South Dakota,396,39.1
2008,Cerebrovascular diseases (I60-I69),Stroke,Tennessee,3356,53.1
2008,Cerebrovascular diseases (I60-I69),Stroke,Texas,9629,49.2
2008,Cerebrovascular diseases (I60-I69),Stroke,United States,134148,42.1
2008,Cerebrovascular diseases (I60-I69),Stroke,Utah,748,39.7
2008,Cerebrovascular diseases (I60-I69),Stroke,Vermont,281,38.3
2008,Cerebrovascular diseases (I60-I69),Stroke,Virginia,3301,44.5
2008,Cerebrovascular diseases (I60-I69),Stroke,Washington,2773,42.3
2008,Cerebrovascular diseases (I60-I69),Stroke,West Virginia,1096,48.3
2008,Cerebrovascular diseases (I60-I69),Stroke,Wisconsin,2638,40.1
2008,Cerebrovascular diseases (I60-I69),Stroke,Wyoming,234,44.4
2007,Cerebrovascular diseases (I60-I69),Stroke,Alabama,2747,56.9
2007,Cerebrovascular diseases (I60-I69),Stroke,Alaska,157,47.0
2007,Cerebrovascular diseases (I60-I69),Stroke,Arizona,2207,35.9
2007,Cerebrovascular diseases (I60-I69),Stroke,Arkansas,1873,60.1
2007,Cerebrovascular diseases (I60-I69),Stroke,California,14557,43.7
2007,Cerebrovascular diseases (I60-I69),Stroke,Colorado,1600,39.5
2007,Cerebrovascular diseases (I60-I69),Stroke,Connecticut,1463,33.4
2007,Cerebrovascular diseases (I60-I69),Stroke,Delaware,374,40.4
2007,Cerebrovascular diseases (I60-I69),Stroke,District of Columbia,220,39.0
2007,Cerebrovascular diseases (I60-I69),Stroke,Florida,8781,36.5
2007,Cerebrovascular diseases (I60-I69),Stroke,Georgia,3894,52.0
2007,Cerebrovascular diseases (I60-I69),Stroke,Hawaii,643,41.9
2007,Cerebrovascular diseases (I60-I69),Stroke,Idaho,640,44.6
2007,Cerebrovascular diseases (I60-I69),Stroke,Illinois,5864,44.7
2007,Cerebrovascular diseases (I60-I69),Stroke,Indiana,3083,46.6
2007,Cerebrovascular diseases (I60-I69),Stroke,Iowa,1686,42.8
2007,Cerebrovascular diseases (I60-I69),Stroke,Kansas,1498,46.7
2007,Cerebrovascular diseases (I60-I69),Stroke,Kentucky,2144,49.8
2007,Cerebrovascular diseases (I60-I69),Stroke,Louisiana,2147,51.3
2007,Cerebrovascular diseases (I60-I69),Stroke,Maine,664,40.4
2007,Cerebrovascular diseases (I60-I69),Stroke,Maryland,2364,42.9
2007,Cerebrovascular diseases (I60-I69),Stroke,Massachusetts,2832,36.7
2007,Cerebrovascular diseases (I60-I69),Stroke,Michigan,4798,44.5
2007,Cerebrovascular diseases (I60-I69),Stroke,Minnesota,2193,38.4
2007,Cerebrovascular diseases (I60-I69),Stroke,Mississippi,1589,55.7
2007,Cerebrovascular diseases (I60-I69),Stroke,Missouri,3229,49.4
2007,Cerebrovascular diseases (I60-I69),Stroke,Montana,443,39.0
2007,Cerebrovascular diseases (I60-I69),Stroke,Nebraska,921,43.8
2007,Cerebrovascular diseases (I60-I69),Stroke,Nevada,850,39.8
2007,Cerebrovascular diseases (I60-I69),Stroke,New Hampshire,489,34.8
2007,Cerebrovascular diseases (I60-I69),Stroke,New Jersey,3492,36.0
2007,Cerebrovascular diseases (I60-I69),Stroke,New Mexico,804,41.3
2007,Cerebrovascular diseases (I60-I69),Stroke,New York,6160,28.8
2007,Cerebrovascular diseases (I60-I69),Stroke,North Carolina,4530,51.1
2007,Cerebrovascular diseases (I60-I69),Stroke,North Dakota,330,37.9
2007,Cerebrovascular diseases (I60-I69),Stroke,Ohio,5905,45.5
2007,Cerebrovascular diseases (I60-I69),Stroke,Oklahoma,2126,56.2
2007,Cerebrovascular diseases (I60-I69),Stroke,Oregon,1835,43.7
2007,Cerebrovascular diseases (I60-I69),Stroke,Pennsylvania,7152,43.4
2007,Cerebrovascular diseases (I60-I69),Stroke,Rhode Island,457,33.4
2007,Cerebrovascular diseases (I60-I69),Stroke,South Carolina,2466,55.8
2007,Cerebrovascular diseases (I60-I69),Stroke,South Dakota,410,40.2
2007,Cerebrovascular diseases (I60-I69),Stroke,Tennessee,3450,55.9
2007,Cerebrovascular diseases (I60-I69),Stroke,Texas,9796,51.5
2007,Cerebrovascular diseases (I60-I69),Stroke,United States,135952,43.5
2007,Cerebrovascular diseases (I60-I69),Stroke,Utah,755,41.3
2007,Cerebrovascular diseases (I60-I69),Stroke,Vermont,269,38.0
2007,Cerebrovascular diseases (I60-I69),Stroke,Virginia,3313,45.7
2007,Cerebrovascular diseases (I60-I69),Stroke,Washington,2692,42.1
2007,Cerebrovascular diseases (I60-I69),Stroke,West Virginia,1113,49.7
2007,Cerebrovascular diseases (I60-I69),Stroke,Wisconsin,2738,42.6
2007,Cerebrovascular diseases (I60-I69),Stroke,Wyoming,209,40.5
2006,Cerebrovascular diseases (I60-I69),Stroke,Alabama,2740,57.8
2006,Cerebrovascular diseases (I60-I69),Stroke,Alaska,177,48.2
2006,Cerebrovascular diseases (I60-I69),Stroke,Arizona,2226,37.5
2006,Cerebrovascular diseases (I60-I69),Stroke,Arkansas,1884,61.2
2006,Cerebrovascular diseases (I60-I69),Stroke,California,15039,46.4
2006,Cerebrovascular diseases (I60-I69),Stroke,Colorado,1532,39.1
2006,Cerebrovascular diseases (I60-I69),Stroke,Connecticut,1547,35.8
2006,Cerebrovascular diseases (I60-I69),Stroke,Delaware,384,42.9
2006,Cerebrovascular diseases (I60-I69),Stroke,District of Columbia,221,40.0
2006,Cerebrovascular diseases (I60-I69),Stroke,Florida,8925,37.8
2006,Cerebrovascular diseases (I60-I69),Stroke,Georgia,3889,53.5
2006,Cerebrovascular diseases (I60-I69),Stroke,Hawaii,665,44.7
2006,Cerebrovascular diseases (I60-I69),Stroke,Idaho,725,52.7
2006,Cerebrovascular diseases (I60-I69),Stroke,Illinois,5989,46.3
2006,Cerebrovascular diseases (I60-I69),Stroke,Indiana,3238,49.9
2006,Cerebrovascular diseases (I60-I69),Stroke,Iowa,1718,43.6
2006,Cerebrovascular diseases (I60-I69),Stroke,Kansas,1489,47.3
2006,Cerebrovascular diseases (I60-I69),Stroke,Kentucky,2197,51.9
2006,Cerebrovascular diseases (I60-I69),Stroke,Louisiana,2195,53.9
2006,Cerebrovascular diseases (I60-I69),Stroke,Maine,670,41.5
2006,Cerebrovascular diseases (I60-I69),Stroke,Maryland,2365,43.8
2006,Cerebrovascular diseases (I60-I69),Stroke,Massachusetts,2880,38.1
2006,Cerebrovascular diseases (I60-I69),Stroke,Michigan,4752,44.9
2006,Cerebrovascular diseases (I60-I69),Stroke,Minnesota,2219,39.7
2006,Cerebrovascular diseases (I60-I69),Stroke,Mississippi,1585,56.1
2006,Cerebrovascular diseases (I60-I69),Stroke,Missouri,3247,50.5
2006,Cerebrovascular diseases (I60-I69),Stroke,Montana,461,41.7
2006,Cerebrovascular diseases (I60-I69),Stroke,Nebraska,922,44.7
2006,Cerebrovascular diseases (I60-I69),Stroke,Nevada,847,41.3
2006,Cerebrovascular diseases (I60-I69),Stroke,New Hampshire,494,36.1
2006,Cerebrovascular diseases (I60-I69),Stroke,New Jersey,3468,36.3
2006,Cerebrovascular diseases (I60-I69),Stroke,New Mexico,739,39.3
2006,Cerebrovascular diseases (I60-I69),Stroke,New York,6398,30.4
2006,Cerebrovascular diseases (I60-I69),Stroke,North Carolina,4572,53.2
2006,Cerebrovascular diseases (I60-I69),Stroke,North Dakota,428,49.6
2006,Cerebrovascular diseases (I60-I69),Stroke,Ohio,5828,45.7
2006,Cerebrovascular diseases (I60-I69),Stroke,Oklahoma,2085,55.7
2006,Cerebrovascular diseases (I60-I69),Stroke,Oregon,1978,48.2
2006,Cerebrovascular diseases (I60-I69),Stroke,Pennsylvania,7151,44.2
2006,Cerebrovascular diseases (I60-I69),Stroke,Rhode Island,421,31.2
2006,Cerebrovascular diseases (I60-I69),Stroke,South Carolina,2291,53.8
2006,Cerebrovascular diseases (I60-I69),Stroke,South Dakota,442,44.0
2006,Cerebrovascular diseases (I60-I69),Stroke,Tennessee,3407,56.4
2006,Cerebrovascular diseases (I60-I69),Stroke,Texas,9366,50.4
2006,Cerebrovascular diseases (I60-I69),Stroke,United States,137119,44.8
2006,Cerebrovascular diseases (I60-I69),Stroke,Utah,674,38.2
2006,Cerebrovascular diseases (I60-I69),Stroke,Vermont,264,38.1
2006,Cerebrovascular diseases (I60-I69),Stroke,Virginia,3523,50.1
2006,Cerebrovascular diseases (I60-I69),Stroke,Washington,2725,43.6
2006,Cerebrovascular diseases (I60-I69),Stroke,West Virginia,1072,48.5
2006,Cerebrovascular diseases (I60-I69),Stroke,Wisconsin,2829,44.6
2006,Cerebrovascular diseases (I60-I69),Stroke,Wyoming,236,46.5
2005,Cerebrovascular diseases (I60-I69),Stroke,Alabama,2952,63.4
2005,Cerebrovascular diseases (I60-I69),Stroke,Alaska,178,54.9
2005,Cerebrovascular diseases (I60-I69),Stroke,Arizona,2364,41.4
2005,Cerebrovascular diseases (I60-I69),Stroke,Arkansas,1847,61.2
2005,Cerebrovascular diseases (I60-I69),Stroke,California,15585,49.0
2005,Cerebrovascular diseases (I60-I69),Stroke,Colorado,1599,42.6
2005,Cerebrovascular diseases (I60-I69),Stroke,Connecticut,1528,36.2
2005,Cerebrovascular diseases (I60-I69),Stroke,Delaware,384,44.3
2005,Cerebrovascular diseases (I60-I69),Stroke,District of Columbia,231,41.2
2005,Cerebrovascular diseases (I60-I69),Stroke,Florida,9361,40.3
2005,Cerebrovascular diseases (I60-I69),Stroke,Georgia,3854,55.6
2005,Cerebrovascular diseases (I60-I69),Stroke,Hawaii,688,47.6
2005,Cerebrovascular diseases (I60-I69),Stroke,Idaho,718,53.9
2005,Cerebrovascular diseases (I60-I69),Stroke,Illinois,6252,49.0
2005,Cerebrovascular diseases (I60-I69),Stroke,Indiana,3296,51.9
2005,Cerebrovascular diseases (I60-I69),Stroke,Iowa,1902,49.2
2005,Cerebrovascular diseases (I60-I69),Stroke,Kansas,1571,50.3
2005,Cerebrovascular diseases (I60-I69),Stroke,Kentucky,2168,52.5
2005,Cerebrovascular diseases (I60-I69),Stroke,Louisiana,2469,58.0
2005,Cerebrovascular diseases (I60-I69),Stroke,Maine,693,43.8
2005,Cerebrovascular diseases (I60-I69),Stroke,Maryland,2476,47.1
2005,Cerebrovascular diseases (I60-I69),Stroke,Massachusetts,2977,39.8
2005,Cerebrovascular diseases (I60-I69),Stroke,Michigan,5057,48.9
2005,Cerebrovascular diseases (I60-I69),Stroke,Minnesota,2379,43.5
2005,Cerebrovascular diseases (I60-I69),Stroke,Mississippi,1622,58.0
2005,Cerebrovascular diseases (I60-I69),Stroke,Missouri,3347,52.9
2005,Cerebrovascular diseases (I60-I69),Stroke,Montana,522,48.6
2005,Cerebrovascular diseases (I60-I69),Stroke,Nebraska,986,48.4
2005,Cerebrovascular diseases (I60-I69),Stroke,Nevada,945,48.2
2005,Cerebrovascular diseases (I60-I69),Stroke,New Hampshire,497,37.7
2005,Cerebrovascular diseases (I60-I69),Stroke,New Jersey,3614,38.5
2005,Cerebrovascular diseases (I60-I69),Stroke,New Mexico,730,40.1
2005,Cerebrovascular diseases (I60-I69),Stroke,New York,6622,31.7
2005,Cerebrovascular diseases (I60-I69),Stroke,North Carolina,4861,59.0
2005,Cerebrovascular diseases (I60-I69),Stroke,North Dakota,368,43.0
2005,Cerebrovascular diseases (I60-I69),Stroke,Ohio,6279,50.2
2005,Cerebrovascular diseases (I60-I69),Stroke,Oklahoma,2235,60.9
2005,Cerebrovascular diseases (I60-I69),Stroke,Oregon,2289,57.2
2005,Cerebrovascular diseases (I60-I69),Stroke,Pennsylvania,7650,48.0
2005,Cerebrovascular diseases (I60-I69),Stroke,Rhode Island,533,39.9
2005,Cerebrovascular diseases (I60-I69),Stroke,South Carolina,2458,60.2
2005,Cerebrovascular diseases (I60-I69),Stroke,South Dakota,511,52.7
2005,Cerebrovascular diseases (I60-I69),Stroke,Tennessee,3659,62.7
2005,Cerebrovascular diseases (I60-I69),Stroke,Texas,9366,52.4
2005,Cerebrovascular diseases (I60-I69),Stroke,United States,143579,48.0
2005,Cerebrovascular diseases (I60-I69),Stroke,Utah,794,46.9
2005,Cerebrovascular diseases (I60-I69),Stroke,Vermont,260,38.2
2005,Cerebrovascular diseases (I60-I69),Stroke,Virginia,3675,53.7
2005,Cerebrovascular diseases (I60-I69),Stroke,Washington,2895,48.1
2005,Cerebrovascular diseases (I60-I69),Stroke,West Virginia,1151,53.2
2005,Cerebrovascular diseases (I60-I69),Stroke,Wisconsin,2960,47.4
2005,Cerebrovascular diseases (I60-I69),Stroke,Wyoming,221,45.1
2004,Cerebrovascular diseases (I60-I69),Stroke,Alabama,2986,65.5
2004,Cerebrovascular diseases (I60-I69),Stroke,Alaska,172,52.8
2004,Cerebrovascular diseases (I60-I69),Stroke,Arizona,2446,44.6
2004,Cerebrovascular diseases (I60-I69),Stroke,Arkansas,1948,65.3
2004,Cerebrovascular diseases (I60-I69),Stroke,California,16882,54.6
2004,Cerebrovascular diseases (I60-I69),Stroke,Colorado,1638,44.9
2004,Cerebrovascular diseases (I60-I69),Stroke,Connecticut,1635,39.1
2004,Cerebrovascular diseases (I60-I69),Stroke,Delaware,350,41.8
2004,Cerebrovascular diseases (I60-I69),Stroke,District of Columbia,218,39.3
2004,Cerebrovascular diseases (I60-I69),Stroke,Florida,9715,42.8
2004,Cerebrovascular diseases (I60-I69),Stroke,Georgia,4063,60.8
2004,Cerebrovascular diseases (I60-I69),Stroke,Hawaii,714,51.0
2004,Cerebrovascular diseases (I60-I69),Stroke,Idaho,712,55.3
2004,Cerebrovascular diseases (I60-I69),Stroke,Illinois,6489,51.5
2004,Cerebrovascular diseases (I60-I69),Stroke,Indiana,3454,55.3
2004,Cerebrovascular diseases (I60-I69),Stroke,Iowa,1960,50.5
2004,Cerebrovascular diseases (I60-I69),Stroke,Kansas,1611,52.2
2004,Cerebrovascular diseases (I60-I69),Stroke,Kentucky,2339,58.0
2004,Cerebrovascular diseases (I60-I69),Stroke,Louisiana,2489,59.8
2004,Cerebrovascular diseases (I60-I69),Stroke,Maine,801,51.5
2004,Cerebrovascular diseases (I60-I69),Stroke,Maryland,2718,53.2
2004,Cerebrovascular diseases (I60-I69),Stroke,Massachusetts,3254,44.1
2004,Cerebrovascular diseases (I60-I69),Stroke,Michigan,5290,52.0
2004,Cerebrovascular diseases (I60-I69),Stroke,Minnesota,2542,47.1
2004,Cerebrovascular diseases (I60-I69),Stroke,Mississippi,1651,59.9
2004,Cerebrovascular diseases (I60-I69),Stroke,Missouri,3503,56.1
2004,Cerebrovascular diseases (I60-I69),Stroke,Montana,484,46.1
2004,Cerebrovascular diseases (I60-I69),Stroke,Nebraska,978,48.5
2004,Cerebrovascular diseases (I60-I69),Stroke,Nevada,1030,54.6
2004,Cerebrovascular diseases (I60-I69),Stroke,New Hampshire,586,45.6
2004,Cerebrovascular diseases (I60-I69),Stroke,New Jersey,3781,40.8
2004,Cerebrovascular diseases (I60-I69),Stroke,New Mexico,721,41.1
2004,Cerebrovascular diseases (I60-I69),Stroke,New York,6927,33.7
2004,Cerebrovascular diseases (I60-I69),Stroke,North Carolina,4955,61.7
2004,Cerebrovascular diseases (I60-I69),Stroke,North Dakota,475,55.4
2004,Cerebrovascular diseases (I60-I69),Stroke,Ohio,6501,52.8
2004,Cerebrovascular diseases (I60-I69),Stroke,Oklahoma,2183,60.3
2004,Cerebrovascular diseases (I60-I69),Stroke,Oregon,2328,59.5
2004,Cerebrovascular diseases (I60-I69),Stroke,Pennsylvania,7792,49.6
2004,Cerebrovascular diseases (I60-I69),Stroke,Rhode Island,522,39.8
2004,Cerebrovascular diseases (I60-I69),Stroke,South Carolina,2643,66.5
2004,Cerebrovascular diseases (I60-I69),Stroke,South Dakota,469,48.7
2004,Cerebrovascular diseases (I60-I69),Stroke,Tennessee,3680,64.6
2004,Cerebrovascular diseases (I60-I69),Stroke,Texas,9853,56.9
2004,Cerebrovascular diseases (I60-I69),Stroke,United States,150074,51.2
2004,Cerebrovascular diseases (I60-I69),Stroke,Utah,790,48.6
2004,Cerebrovascular diseases (I60-I69),Stroke,Vermont,302,45.0
2004,Cerebrovascular diseases (I60-I69),Stroke,Virginia,3788,56.7
2004,Cerebrovascular diseases (I60-I69),Stroke,Washington,3243,55.1
2004,Cerebrovascular diseases (I60-I69),Stroke,West Virginia,1178,54.8
2004,Cerebrovascular diseases (I60-I69),Stroke,Wisconsin,3071,50.0
2004,Cerebrovascular diseases (I60-I69),Stroke,Wyoming,214,44.2
2003,Cerebrovascular diseases (I60-I69),Stroke,Alabama,3028,67.0
2003,Cerebrovascular diseases (I60-I69),Stroke,Alaska,185,62.3
2003,Cerebrovascular diseases (I60-I69),Stroke,Arizona,2428,45.5
2003,Cerebrovascular diseases (I60-I69),Stroke,Arkansas,2107,71.1
2003,Cerebrovascular diseases (I60-I69),Stroke,California,17692,58.2
2003,Cerebrovascular diseases (I60-I69),Stroke,Colorado,1813,51.5
2003,Cerebrovascular diseases (I60-I69),Stroke,Connecticut,1828,44.0
2003,Cerebrovascular diseases (I60-I69),Stroke,Delaware,407,49.9
2003,Cerebrovascular diseases (I60-I69),Stroke,District of Columbia,257,46.0
2003,Cerebrovascular diseases (I60-I69),Stroke,Florida,9899,44.4
2003,Cerebrovascular diseases (I60-I69),Stroke,Georgia,4301,65.6
2003,Cerebrovascular diseases (I60-I69),Stroke,Hawaii,752,55.7
2003,Cerebrovascular diseases (I60-I69),Stroke,Idaho,762,60.5
2003,Cerebrovascular diseases (I60-I69),Stroke,Illinois,6909,55.4
2003,Cerebrovascular diseases (I60-I69),Stroke,Indiana,3627,58.7
2003,Cerebrovascular diseases (I60-I69),Stroke,Iowa,2081,54.5
2003,Cerebrovascular diseases (I60-I69),Stroke,Kansas,1758,57.5
2003,Cerebrovascular diseases (I60-I69),Stroke,Kentucky,2442,61.3
2003,Cerebrovascular diseases (I60-I69),Stroke,Louisiana,2526,61.4
2003,Cerebrovascular diseases (I60-I69),Stroke,Maine,802,52.2
2003,Cerebrovascular diseases (I60-I69),Stroke,Maryland,2734,54.7
2003,Cerebrovascular diseases (I60-I69),Stroke,Massachusetts,3407,46.5
2003,Cerebrovascular diseases (I60-I69),Stroke,Michigan,5470,54.5
2003,Cerebrovascular diseases (I60-I69),Stroke,Minnesota,2550,47.9
2003,Cerebrovascular diseases (I60-I69),Stroke,Mississippi,1736,63.6
2003,Cerebrovascular diseases (I60-I69),Stroke,Missouri,3580,57.7
2003,Cerebrovascular diseases (I60-I69),Stroke,Montana,576,56.1
2003,Cerebrovascular diseases (I60-I69),Stroke,Nebraska,1094,54.7
2003,Cerebrovascular diseases (I60-I69),Stroke,Nevada,1028,57.8
2003,Cerebrovascular diseases (I60-I69),Stroke,New Hampshire,536,43.0
2003,Cerebrovascular diseases (I60-I69),Stroke,New Jersey,3966,43.1
2003,Cerebrovascular diseases (I60-I69),Stroke,New Mexico,770,44.6
2003,Cerebrovascular diseases (I60-I69),Stroke,New York,7281,35.7
2003,Cerebrovascular diseases (I60-I69),Stroke,North Carolina,5203,66.4
2003,Cerebrovascular diseases (I60-I69),Stroke,North Dakota,476,56.7
2003,Cerebrovascular diseases (I60-I69),Stroke,Ohio,6910,56.6
2003,Cerebrovascular diseases (I60-I69),Stroke,Oklahoma,2485,68.9
2003,Cerebrovascular diseases (I60-I69),Stroke,Oregon,2554,66.7
2003,Cerebrovascular diseases (I60-I69),Stroke,Pennsylvania,8261,52.8
2003,Cerebrovascular diseases (I60-I69),Stroke,Rhode Island,565,42.9
2003,Cerebrovascular diseases (I60-I69),Stroke,South Carolina,2748,71.2
2003,Cerebrovascular diseases (I60-I69),Stroke,South Dakota,476,50.4
2003,Cerebrovascular diseases (I60-I69),Stroke,Tennessee,3883,69.2
2003,Cerebrovascular diseases (I60-I69),Stroke,Texas,10303,60.8
2003,Cerebrovascular diseases (I60-I69),Stroke,United States,157689,54.6
2003,Cerebrovascular diseases (I60-I69),Stroke,Utah,876,55.2
2003,Cerebrovascular diseases (I60-I69),Stroke,Vermont,306,46.2
2003,Cerebrovascular diseases (I60-I69),Stroke,Virginia,3938,60.6
2003,Cerebrovascular diseases (I60-I69),Stroke,Washington,3595,62.4
2003,Cerebrovascular diseases (I60-I69),Stroke,West Virginia,1309,61.2
2003,Cerebrovascular diseases (I60-I69),Stroke,Wisconsin,3216,53.1
2003,Cerebrovascular diseases (I60-I69),Stroke,Wyoming,253,53.9
2002,Cerebrovascular diseases (I60-I69),Stroke,Alabama,3201,71.2
2002,Cerebrovascular diseases (I60-I69),Stroke,Alaska,158,56.0
2002,Cerebrovascular diseases (I60-I69),Stroke,Arizona,2535,49.1
2002,Cerebrovascular diseases (I60-I69),Stroke,Arkansas,2232,75.7
2002,Cerebrovascular diseases (I60-I69),Stroke,California,17626,59.3
2002,Cerebrovascular diseases (I60-I69),Stroke,Colorado,1915,55.7
2002,Cerebrovascular diseases (I60-I69),Stroke,Connecticut,1861,46.0
2002,Cerebrovascular diseases (I60-I69),Stroke,Delaware,405,51.4
2002,Cerebrovascular diseases (I60-I69),Stroke,District of Columbia,279,49.7
2002,Cerebrovascular diseases (I60-I69),Stroke,Florida,10269,46.9
2002,Cerebrovascular diseases (I60-I69),Stroke,Georgia,4261,66.5
2002,Cerebrovascular diseases (I60-I69),Stroke,Hawaii,812,62.1
2002,Cerebrovascular diseases (I60-I69),Stroke,Idaho,736,60.2
2002,Cerebrovascular diseases (I60-I69),Stroke,Illinois,7183,58.3
2002,Cerebrovascular diseases (I60-I69),Stroke,Indiana,3717,61.0
2002,Cerebrovascular diseases (I60-I69),Stroke,Iowa,2226,58.5
2002,Cerebrovascular diseases (I60-I69),Stroke,Kansas,1845,60.4
2002,Cerebrovascular diseases (I60-I69),Stroke,Kentucky,2554,64.9
2002,Cerebrovascular diseases (I60-I69),Stroke,Louisiana,2595,63.8
2002,Cerebrovascular diseases (I60-I69),Stroke,Maine,823,54.5
2002,Cerebrovascular diseases (I60-I69),Stroke,Maryland,2811,57.5
2002,Cerebrovascular diseases (I60-I69),Stroke,Massachusetts,3559,49.2
2002,Cerebrovascular diseases (I60-I69),Stroke,Michigan,5814,59.0
2002,Cerebrovascular diseases (I60-I69),Stroke,Minnesota,2706,51.7
2002,Cerebrovascular diseases (I60-I69),Stroke,Mississippi,1926,70.9
2002,Cerebrovascular diseases (I60-I69),Stroke,Missouri,3885,63.1
2002,Cerebrovascular diseases (I60-I69),Stroke,Montana,639,63.0
2002,Cerebrovascular diseases (I60-I69),Stroke,Nebraska,1103,55.2
2002,Cerebrovascular diseases (I60-I69),Stroke,Nevada,976,57.7
2002,Cerebrovascular diseases (I60-I69),Stroke,New Hampshire,627,51.3
2002,Cerebrovascular diseases (I60-I69),Stroke,New Jersey,4016,44.3
2002,Cerebrovascular diseases (I60-I69),Stroke,New Mexico,715,42.2
2002,Cerebrovascular diseases (I60-I69),Stroke,New York,7625,37.9
2002,Cerebrovascular diseases (I60-I69),Stroke,North Carolina,5259,68.8
2002,Cerebrovascular diseases (I60-I69),Stroke,North Dakota,469,55.4
2002,Cerebrovascular diseases (I60-I69),Stroke,Ohio,7252,60.3
2002,Cerebrovascular diseases (I60-I69),Stroke,Oklahoma,2427,67.5
2002,Cerebrovascular diseases (I60-I69),Stroke,Oregon,2645,70.4
2002,Cerebrovascular diseases (I60-I69),Stroke,Pennsylvania,8579,55.6
2002,Cerebrovascular diseases (I60-I69),Stroke,Rhode Island,605,46.7
2002,Cerebrovascular diseases (I60-I69),Stroke,South Carolina,2822,74.4
2002,Cerebrovascular diseases (I60-I69),Stroke,South Dakota,518,54.9
2002,Cerebrovascular diseases (I60-I69),Stroke,Tennessee,3980,71.6
2002,Cerebrovascular diseases (I60-I69),Stroke,Texas,10548,63.6
2002,Cerebrovascular diseases (I60-I69),Stroke,United States,162672,57.2
2002,Cerebrovascular diseases (I60-I69),Stroke,Utah,903,58.1
2002,Cerebrovascular diseases (I60-I69),Stroke,Vermont,335,52.0
2002,Cerebrovascular diseases (I60-I69),Stroke,Virginia,3960,62.4
2002,Cerebrovascular diseases (I60-I69),Stroke,Washington,3753,66.6
2002,Cerebrovascular diseases (I60-I69),Stroke,West Virginia,1260,59.3
2002,Cerebrovascular diseases (I60-I69),Stroke,Wisconsin,3479,58.4
2002,Cerebrovascular diseases (I60-I69),Stroke,Wyoming,243,52.8
2001,Cerebrovascular diseases (I60-I69),Stroke,Alabama,2998,66.9
2001,Cerebrovascular diseases (I60-I69),Stroke,Alaska,158,57.9
2001,Cerebrovascular diseases (I60-I69),Stroke,Arizona,2480,49.0
2001,Cerebrovascular diseases (I60-I69),Stroke,Arkansas,2256,76.8
2001,Cerebrovascular diseases (I60-I69),Stroke,California,18088,62.1
2001,Cerebrovascular diseases (I60-I69),Stroke,Colorado,1825,54.7
2001,Cerebrovascular diseases (I60-I69),Stroke,Connecticut,2003,50.1
2001,Cerebrovascular diseases (I60-I69),Stroke,Delaware,383,50.1
2001,Cerebrovascular diseases (I60-I69),Stroke,District of Columbia,265,47.1
2001,Cerebrovascular diseases (I60-I69),Stroke,Florida,10414,48.2
2001,Cerebrovascular diseases (I60-I69),Stroke,Georgia,4312,68.3
2001,Cerebrovascular diseases (I60-I69),Stroke,Hawaii,766,60.6
2001,Cerebrovascular diseases (I60-I69),Stroke,Idaho,781,65.4
2001,Cerebrovascular diseases (I60-I69),Stroke,Illinois,7230,59.1
2001,Cerebrovascular diseases (I60-I69),Stroke,Indiana,3877,64.3
2001,Cerebrovascular diseases (I60-I69),Stroke,Iowa,2218,59.1
2001,Cerebrovascular diseases (I60-I69),Stroke,Kansas,1848,60.9
2001,Cerebrovascular diseases (I60-I69),Stroke,Kentucky,2557,65.2
2001,Cerebrovascular diseases (I60-I69),Stroke,Louisiana,2638,65.4
2001,Cerebrovascular diseases (I60-I69),Stroke,Maine,822,55.2
2001,Cerebrovascular diseases (I60-I69),Stroke,Maryland,2882,60.2
2001,Cerebrovascular diseases (I60-I69),Stroke,Massachusetts,3535,49.3
2001,Cerebrovascular diseases (I60-I69),Stroke,Michigan,5701,58.8
2001,Cerebrovascular diseases (I60-I69),Stroke,Minnesota,2727,52.8
2001,Cerebrovascular diseases (I60-I69),Stroke,Mississippi,1935,71.5
2001,Cerebrovascular diseases (I60-I69),Stroke,Missouri,3796,62.0
2001,Cerebrovascular diseases (I60-I69),Stroke,Montana,578,58.1
2001,Cerebrovascular diseases (I60-I69),Stroke,Nebraska,1130,57.5
2001,Cerebrovascular diseases (I60-I69),Stroke,Nevada,913,55.4
2001,Cerebrovascular diseases (I60-I69),Stroke,New Hampshire,633,52.9
2001,Cerebrovascular diseases (I60-I69),Stroke,New Jersey,4007,44.8
2001,Cerebrovascular diseases (I60-I69),Stroke,New Mexico,824,50.1
2001,Cerebrovascular diseases (I60-I69),Stroke,New York,7706,38.8
2001,Cerebrovascular diseases (I60-I69),Stroke,North Carolina,5401,72.1
2001,Cerebrovascular diseases (I60-I69),Stroke,North Dakota,507,60.8
2001,Cerebrovascular diseases (I60-I69),Stroke,Ohio,6891,58.1
2001,Cerebrovascular diseases (I60-I69),Stroke,Oklahoma,2384,66.4
2001,Cerebrovascular diseases (I60-I69),Stroke,Oregon,2588,70.2
2001,Cerebrovascular diseases (I60-I69),Stroke,Pennsylvania,8619,56.4
2001,Cerebrovascular diseases (I60-I69),Stroke,Rhode Island,614,48.2
2001,Cerebrovascular diseases (I60-I69),Stroke,South Carolina,2832,76.2
2001,Cerebrovascular diseases (I60-I69),Stroke,South Dakota,490,52.9
2001,Cerebrovascular diseases (I60-I69),Stroke,Tennessee,4037,73.1
2001,Cerebrovascular diseases (I60-I69),Stroke,Texas,10612,65.0
2001,Cerebrovascular diseases (I60-I69),Stroke,United States,163538,58.4
2001,Cerebrovascular diseases (I60-I69),Stroke,Utah,870,57.2
2001,Cerebrovascular diseases (I60-I69),Stroke,Vermont,323,50.9
2001,Cerebrovascular diseases (I60-I69),Stroke,Virginia,4129,66.3
2001,Cerebrovascular diseases (I60-I69),Stroke,Washington,3765,68.1
2001,Cerebrovascular diseases (I60-I69),Stroke,West Virginia,1272,60.1
2001,Cerebrovascular diseases (I60-I69),Stroke,Wisconsin,3658,62.4
2001,Cerebrovascular diseases (I60-I69),Stroke,Wyoming,260,56.7
2000,Cerebrovascular diseases (I60-I69),Stroke,Alabama,3183,71.5
2000,Cerebrovascular diseases (I60-I69),Stroke,Alaska,170,66.1
2000,Cerebrovascular diseases (I60-I69),Stroke,Arizona,2648,53.8
2000,Cerebrovascular diseases (I60-I69),Stroke,Arkansas,2255,77.2
2000,Cerebrovascular diseases (I60-I69),Stroke,California,18185,64.0
2000,Cerebrovascular diseases (I60-I69),Stroke,Colorado,1907,58.7
2000,Cerebrovascular diseases (I60-I69),Stroke,Connecticut,2011,51.4
2000,Cerebrovascular diseases (I60-I69),Stroke,Delaware,430,57.6
2000,Cerebrovascular diseases (I60-I69),Stroke,District of Columbia,252,44.4
2000,Cerebrovascular diseases (I60-I69),Stroke,Florida,10532,49.6
2000,Cerebrovascular diseases (I60-I69),Stroke,Georgia,4625,74.8
2000,Cerebrovascular diseases (I60-I69),Stroke,Hawaii,747,61.4
2000,Cerebrovascular diseases (I60-I69),Stroke,Idaho,720,61.8
2000,Cerebrovascular diseases (I60-I69),Stroke,Illinois,7429,61.3
2000,Cerebrovascular diseases (I60-I69),Stroke,Indiana,4247,71.5
2000,Cerebrovascular diseases (I60-I69),Stroke,Iowa,2187,58.3
2000,Cerebrovascular diseases (I60-I69),Stroke,Kansas,1830,60.6
2000,Cerebrovascular diseases (I60-I69),Stroke,Kentucky,2637,67.7
2000,Cerebrovascular diseases (I60-I69),Stroke,Louisiana,2533,63.5
2000,Cerebrovascular diseases (I60-I69),Stroke,Maine,833,57.0
2000,Cerebrovascular diseases (I60-I69),Stroke,Maryland,2955,63.4
2000,Cerebrovascular diseases (I60-I69),Stroke,Massachusetts,3669,51.5
2000,Cerebrovascular diseases (I60-I69),Stroke,Michigan,5864,61.6
2000,Cerebrovascular diseases (I60-I69),Stroke,Minnesota,2820,55.9
2000,Cerebrovascular diseases (I60-I69),Stroke,Mississippi,1999,74.1
2000,Cerebrovascular diseases (I60-I69),Stroke,Missouri,3940,65.1
2000,Cerebrovascular diseases (I60-I69),Stroke,Montana,583,60.1
2000,Cerebrovascular diseases (I60-I69),Stroke,Nebraska,1091,55.8
2000,Cerebrovascular diseases (I60-I69),Stroke,Nevada,872,56.5
2000,Cerebrovascular diseases (I60-I69),Stroke,New Hampshire,662,56.4
2000,Cerebrovascular diseases (I60-I69),Stroke,New Jersey,4316,49.0
2000,Cerebrovascular diseases (I60-I69),Stroke,New Mexico,813,50.6
2000,Cerebrovascular diseases (I60-I69),Stroke,New York,8006,40.9
2000,Cerebrovascular diseases (I60-I69),Stroke,North Carolina,5749,78.5
2000,Cerebrovascular diseases (I60-I69),Stroke,North Dakota,456,55.6
2000,Cerebrovascular diseases (I60-I69),Stroke,Ohio,7175,61.2
2000,Cerebrovascular diseases (I60-I69),Stroke,Oklahoma,2493,69.5
2000,Cerebrovascular diseases (I60-I69),Stroke,Oregon,2585,71.6
2000,Cerebrovascular diseases (I60-I69),Stroke,Pennsylvania,8919,59.0
2000,Cerebrovascular diseases (I60-I69),Stroke,Rhode Island,577,45.6
2000,Cerebrovascular diseases (I60-I69),Stroke,South Carolina,2956,81.4
2000,Cerebrovascular diseases (I60-I69),Stroke,South Dakota,560,61.6
2000,Cerebrovascular diseases (I60-I69),Stroke,Tennessee,4266,78.5
2000,Cerebrovascular diseases (I60-I69),Stroke,Texas,10684,66.5
2000,Cerebrovascular diseases (I60-I69),Stroke,United States,167661,60.9
2000,Cerebrovascular diseases (I60-I69),Stroke,Utah,975,66.0
2000,Cerebrovascular diseases (I60-I69),Stroke,Vermont,343,54.9
2000,Cerebrovascular diseases (I60-I69),Stroke,Virginia,4104,67.4
2000,Cerebrovascular diseases (I60-I69),Stroke,Washington,3714,68.7
2000,Cerebrovascular diseases (I60-I69),Stroke,West Virginia,1296,61.3
2000,Cerebrovascular diseases (I60-I69),Stroke,Wisconsin,3598,62.2
2000,Cerebrovascular diseases (I60-I69),Stroke,Wyoming,260,58.3
1999,Cerebrovascular diseases (I60-I69),Stroke,Alabama,3148,71.5
1999,Cerebrovascular diseases (I60-I69),Stroke,Alaska,171,71.2
1999,Cerebrovascular diseases (I60-I69),Stroke,Arizona,2600,54.4
1999,Cerebrovascular diseases (I60-I69),Stroke,Arkansas,2255,77.7
1999,Cerebrovascular diseases (I60-I69),Stroke,California,17962,64.5
1999,Cerebrovascular diseases (I60-I69),Stroke,Colorado,1834,57.2
1999,Cerebrovascular diseases (I60-I69),Stroke,Connecticut,1933,50.0
1999,Cerebrovascular diseases (I60-I69),Stroke,Delaware,365,49.4
1999,Cerebrovascular diseases (I60-I69),Stroke,District of Columbia,297,53.3
1999,Cerebrovascular diseases (I60-I69),Stroke,Florida,10560,50.5
1999,Cerebrovascular diseases (I60-I69),Stroke,Georgia,4416,72.3
1999,Cerebrovascular diseases (I60-I69),Stroke,Hawaii,762,64.2
1999,Cerebrovascular diseases (I60-I69),Stroke,Idaho,771,67.5
1999,Cerebrovascular diseases (I60-I69),Stroke,Illinois,7714,64.4
1999,Cerebrovascular diseases (I60-I69),Stroke,Indiana,4057,69.0
1999,Cerebrovascular diseases (I60-I69),Stroke,Iowa,2317,62.1
1999,Cerebrovascular diseases (I60-I69),Stroke,Kansas,1841,61.6
1999,Cerebrovascular diseases (I60-I69),Stroke,Kentucky,2710,70.4
1999,Cerebrovascular diseases (I60-I69),Stroke,Louisiana,2684,68.3
1999,Cerebrovascular diseases (I60-I69),Stroke,Maine,879,61.2
1999,Cerebrovascular diseases (I60-I69),Stroke,Maryland,2892,63.3
1999,Cerebrovascular diseases (I60-I69),Stroke,Massachusetts,3548,50.4
1999,Cerebrovascular diseases (I60-I69),Stroke,Michigan,6041,64.3
1999,Cerebrovascular diseases (I60-I69),Stroke,Minnesota,2997,59.6
1999,Cerebrovascular diseases (I60-I69),Stroke,Mississippi,1854,69.2
1999,Cerebrovascular diseases (I60-I69),Stroke,Missouri,3950,65.6
1999,Cerebrovascular diseases (I60-I69),Stroke,Montana,595,62.2
1999,Cerebrovascular diseases (I60-I69),Stroke,Nebraska,1176,60.2
1999,Cerebrovascular diseases (I60-I69),Stroke,Nevada,882,59.4
1999,Cerebrovascular diseases (I60-I69),Stroke,New Hampshire,669,57.9
1999,Cerebrovascular diseases (I60-I69),Stroke,New Jersey,4122,47.5
1999,Cerebrovascular diseases (I60-I69),Stroke,New Mexico,817,52.5
1999,Cerebrovascular diseases (I60-I69),Stroke,New York,8124,42.2
1999,Cerebrovascular diseases (I60-I69),Stroke,North Carolina,5626,77.9
1999,Cerebrovascular diseases (I60-I69),Stroke,North Dakota,513,63.0
1999,Cerebrovascular diseases (I60-I69),Stroke,Ohio,7235,62.3
1999,Cerebrovascular diseases (I60-I69),Stroke,Oklahoma,2481,69.6
1999,Cerebrovascular diseases (I60-I69),Stroke,Oregon,2799,78.6
1999,Cerebrovascular diseases (I60-I69),Stroke,Pennsylvania,8600,57.5
1999,Cerebrovascular diseases (I60-I69),Stroke,Rhode Island,633,50.4
1999,Cerebrovascular diseases (I60-I69),Stroke,South Carolina,2974,83.4
1999,Cerebrovascular diseases (I60-I69),Stroke,South Dakota,547,60.0
1999,Cerebrovascular diseases (I60-I69),Stroke,Tennessee,4103,76.3
1999,Cerebrovascular diseases (I60-I69),Stroke,Texas,10414,65.9
1999,Cerebrovascular diseases (I60-I69),Stroke,United States,167366,61.6
1999,Cerebrovascular diseases (I60-I69),Stroke,Utah,869,60.2
1999,Cerebrovascular diseases (I60-I69),Stroke,Vermont,344,55.8
1999,Cerebrovascular diseases (I60-I69),Stroke,Virginia,4110,68.7
1999,Cerebrovascular diseases (I60-I69),Stroke,Washington,3718,69.9
1999,Cerebrovascular diseases (I60-I69),Stroke,West Virginia,1323,63.1
1999,Cerebrovascular diseases (I60-I69),Stroke,Wisconsin,3869,67.5
1999,Cerebrovascular diseases (I60-I69),Stroke,Wyoming,265,60.7